tenor,variant,short_directional_episode_pct,transition_pct,median_directional_episode_obs,stable_pct,changed_vs_plain_pct,directional_episodes,n_obs
6M,plain,29.347826086956523,1.6338989137265463,15.0,38.85996409335727,0.0,92,11140
6M,persistence_2,23.529411764705884,1.4992369153424903,19.0,38.85996409335727,1.570915619389587,85,11140
6M,persistence_3,17.56756756756757,1.2837777179280008,29.5,38.806104129263915,2.872531418312388,74,11140
6M,hysteresis_5bp,10.606060606060606,1.1670706526618189,37.0,36.89407540394973,1.9658886894075405,66,11140
6M,hysteresis_10bp,8.771929824561404,1.0054762546009517,44.0,34.91921005385996,3.940754039497307,57,11140
10Y,plain,23.47826086956522,2.8614176173555266,20.0,31.143248971449943,0.0,230,16042
10Y,persistence_2,16.826923076923077,2.587120503709245,23.5,31.211818975190127,2.724099239496322,208,16042
10Y,persistence_3,14.646464646464647,2.443737921575962,26.5,31.19311806507917,5.198853010846528,198,16042
10Y,hysteresis_5bp,11.794871794871796,2.4250358456455334,29.0,28.63109337987782,2.512155591572123,195,16042
10Y,hysteresis_10bp,5.389221556886228,2.075930428277539,37.0,25.508041391347714,5.635207580102231,167,16042
30Y,plain,24.096385542168676,2.9607033913511573,15.0,28.722640832436312,0.0,166,11148
30Y,persistence_2,19.205298013245034,2.691548537591961,19.0,28.749551489056334,2.8256189451022604,151,11148
30Y,persistence_3,11.029411764705882,2.422393683832765,32.0,28.776462145676355,5.256548259777539,136,11148
30Y,hysteresis_5bp,10.852713178294573,2.296788085411807,34.0,25.717617509867242,3.0050233225690706,129,11148
30Y,hysteresis_10bp,4.587155963302752,1.937914947066212,47.0,22.434517402224614,6.288123430211697,109,11148
